uid,name,address
1,Jake Sandoval,"8197 Williams Mews,Robertmouth,MT 69575"
2,Daniel Bright,"0929 Courtney Stream,South Michael,MT 94087"
3,Jennifer Jackson,"86120 Lori Court,East Albert,AL 17745"
4,Ashley Thompson,"8117 Rivera Inlet Apt. 943,Penafort,KY 36956"
5,Kevin Smith,"8608 Morales Cliff,Pattersonchester,MS 24285"
6,Barbara Crawford,"116 Melissa Oval Suite 830,North Laurahaven,MI 28506"
7,Eric Manning,"9576 Rebecca Throughway,East Ericchester,OK 35948"
8,Amanda Webster,"915 Troy Summit Apt. 496,North Erin,LA 59699"
9,Timothy Jones,"4524 King Squares Apt. 778,Brownbury,TN 18439"
10,Joshua Blankenship,"6096 Emily Views,New Sharon,NC 62116"
11,Kimberly Blanchard,"8560 Adams Center,Woodsview,OH 96458"
12,Karen Stout,"40292 Erik Gardens,Millerview,NV 18189"
13,Brett Gross,"91807 Aaron Plains,Perezberg,AL 21560"
14,William Bell,"56820 Steven Coves,South Jacobberg,CO 26658"
15,Nicole Stewart,"634 Edwards Summit Suite 872,Richardshire,LA 73234"
16,Charlotte Harris,"6292 Mitchell Brook Apt. 179,Port Charles,MN 14696"
17,Michael Sanchez,"059 April Mill Suite 981,Lake Heatherstad,WA 44902"
18,Eric Delgado,"712 Steven Viaduct,Calhounfurt,MA 78837"
19,Steven Conley,"USNS Coleman,FPO AE 39188"
20,Sarah Nguyen,"980 James Ports Apt. 277,Port Philip,UT 38621"